{
  "publicPath": "/_nuxt/",
  "all": [
    "vendor.bundle.4e67d8e30745666ab716.js",
    "img/campus.4cf6ad7.jpg",
    "img/last-edition-02.359853e.jpg",
    "img/last-edition-03.f9962a2.jpg",
    "img/last-edition-04.4ebd7e4.jpg",
    "img/last-edition-05.49127ad.jpg",
    "img/last-edition-06.e49f69c.jpg",
    "0.nuxt.bundle.389b223fd372a4026330.js",
    "1.nuxt.bundle.88be12e34a3d9f89d7d1.js",
    "img/last-edition-01.1258b7f.jpg",
    "nuxt.bundle.9ffece8a5020c40f4605.js",
    "manifest.af9076a848817e33a6ed.js",
    "0.nuxt.bundle.389b223fd372a4026330.js.map",
    "1.nuxt.bundle.88be12e34a3d9f89d7d1.js.map",
    "vendor.bundle.4e67d8e30745666ab716.js.map",
    "nuxt.bundle.9ffece8a5020c40f4605.js.map",
    "manifest.af9076a848817e33a6ed.js.map",
    "index.ssr.html",
    "index.spa.html"
  ],
  "initial": [
    "manifest.af9076a848817e33a6ed.js",
    "vendor.bundle.4e67d8e30745666ab716.js",
    "nuxt.bundle.9ffece8a5020c40f4605.js"
  ],
  "async": [
    "0.nuxt.bundle.389b223fd372a4026330.js",
    "1.nuxt.bundle.88be12e34a3d9f89d7d1.js"
  ],
  "modules": {
    "19675535": [
      0,
      14
    ],
    "28028614": [
      0,
      14
    ],
    "0899f32a": [
      0,
      14
    ],
    "5376b327": [
      0,
      14
    ],
    "114096a5": [
      0,
      14
    ],
    "f9878cc2": [
      0,
      14
    ],
    "b41c1fb6": [
      0,
      14
    ],
    "55845d76": [
      0,
      14
    ],
    "0da05c30": [
      0,
      14
    ],
    "c9becd6c": [
      0,
      14
    ],
    "0cdbce80": [
      0,
      14
    ],
    "11ca0b6c": [
      0,
      14
    ],
    "6d8704d4": [
      0,
      14
    ],
    "8240daa2": [
      0,
      14
    ],
    "8dec79bc": [
      0,
      14
    ],
    "6812ce3c": [
      0,
      14
    ],
    "48b9dd7f": [
      0,
      14
    ],
    "215bc12c": [
      0,
      14
    ],
    "350f6c02": [
      0,
      14
    ],
    "a228ac80": [
      0,
      14
    ],
    "2c6bca09": [
      0,
      14
    ],
    "20be78c6": [
      0,
      14
    ],
    "4472d1e6": [
      0,
      14
    ],
    "635a3ebb": [
      0,
      14
    ],
    "0db3e4d4": [
      0,
      14
    ],
    "35d505ff": [
      0,
      14
    ],
    "45bb9d28": [
      0,
      14
    ],
    "be8b09e4": [
      0,
      14
    ],
    "33f021f1": [
      0,
      14
    ],
    "df7f0df8": [
      0,
      14
    ],
    "221d8cbe": [
      0,
      14
    ],
    "11e965fb": [
      0,
      14
    ],
    "0c7ed23a": [
      0,
      14
    ],
    "c9a25196": [
      0,
      14
    ],
    "da71a05a": [
      0,
      14
    ],
    "43db89b6": [
      0,
      14
    ],
    "7169216a": [
      0,
      14
    ],
    "65f42e1a": [
      0,
      14
    ],
    "2b4cbbe6": [
      0,
      14
    ],
    "7f283051": [
      0,
      14
    ],
    "c7c56f3e": [
      0,
      14
    ],
    "13fb0e6a": [
      0,
      14
    ],
    "323479f3": [
      0,
      14
    ],
    "ce4eeaa4": [
      10,
      15
    ],
    "215c5d5d": [
      0,
      14
    ],
    "6e168b8f": [
      0,
      14
    ],
    "b66f1b16": [
      0,
      14
    ],
    "22c8c68a": [
      0,
      14
    ],
    "685be59e": [
      0,
      14
    ],
    "f13b93d8": [
      0,
      14
    ],
    "85afb25a": [
      0,
      14
    ],
    "3003bf08": [
      0,
      14
    ],
    "0514a75a": [
      0,
      14
    ],
    "46cb71fc": [
      0,
      14
    ],
    "27f5f2bc": [
      0,
      14
    ],
    "1fc8dbec": [
      0,
      14
    ],
    "0c7722df": [
      0,
      14
    ],
    "13ff9a20": [
      0,
      14
    ],
    "5de37faa": [
      0,
      14
    ],
    "28d04aff": [
      0,
      14
    ],
    "3e2d7cf5": [
      0,
      14
    ],
    "6d0e66eb": [
      0,
      14
    ],
    "7efb8b9b": [
      0,
      14
    ],
    "6729eec5": [
      0,
      14
    ],
    "70b384ba": [
      0,
      14
    ],
    "10f61a2a": [
      0,
      14
    ],
    "f5be30b4": [
      0,
      14
    ],
    "a9f0552e": [
      0,
      14
    ],
    "67afb0b3": [
      0,
      14
    ],
    "fee4f8b2": [
      10,
      15
    ],
    "b94f3e90": [
      10,
      15
    ],
    "629e580d": [
      0,
      14
    ],
    "95ccebb6": [
      0,
      14
    ],
    "6b73b778": [
      10,
      15
    ],
    "5e0ce288": [
      0,
      14
    ],
    "2062ef3c": [
      0,
      14
    ],
    "27a708d6": [
      0,
      14
    ],
    "1156c99a": [
      0,
      14
    ],
    "6ddde89e": [
      0,
      14
    ],
    "f72a2eea": [
      0,
      14
    ],
    "230df716": [
      0,
      14
    ],
    "63a477dc": [
      0,
      14
    ],
    "4cab6b1c": [
      0,
      14
    ],
    "35c74be1": [
      0,
      14
    ],
    "01e63163": [
      0,
      14
    ],
    "66f2a408": [
      0,
      14
    ],
    "0e0b4f5c": [
      0,
      14
    ],
    "6a4a71c7": [
      0,
      14
    ],
    "08898376": [
      0,
      14
    ],
    "955f70a4": [
      0,
      14
    ],
    "0554fa24": [
      0,
      14
    ],
    "1737c534": [
      0,
      14
    ],
    "f24aa1c8": [
      0,
      14
    ],
    "1408b18c": [
      0,
      14
    ],
    "4f2ae04e": [
      0,
      14
    ],
    "a646d7a4": [
      0,
      14
    ],
    "08610b72": [
      0,
      14
    ],
    "1fb04ab3": [
      0,
      14
    ],
    "002cff94": [
      0,
      14
    ],
    "7a799062": [
      0,
      14
    ],
    "3bda326f": [
      0,
      14
    ],
    "d91186de": [
      0,
      14
    ],
    "7d6ec416": [
      0,
      14
    ],
    "5673739c": [
      0,
      14
    ],
    "a0de1b0a": [
      0,
      14
    ],
    "3e4ed728": [
      0,
      14
    ],
    "5b7b9c9a": [
      0,
      14
    ],
    "6491e02c": [
      0,
      14
    ],
    "a2dea984": [
      0,
      14
    ],
    "0e870d06": [
      0,
      14
    ],
    "13285c1d": [
      0,
      14
    ],
    "bfd0af28": [
      0,
      14
    ],
    "3c560154": [
      0,
      14
    ],
    "fa57b67c": [
      0,
      14
    ],
    "ddbccd5e": [
      0,
      14
    ],
    "35f7de87": [
      0,
      14
    ],
    "5b4c191d": [
      10,
      15
    ],
    "73fc72ed": [
      10,
      15
    ],
    "5aedee4b": [
      0,
      14
    ],
    "11ecf57a": [
      0,
      14
    ],
    "45cfe806": [
      10,
      15
    ],
    "8e251c1e": [
      10,
      15
    ],
    "41d91da9": [
      10,
      15
    ],
    "527edf18": [
      10,
      15
    ],
    "74daa56c": [
      10,
      15
    ],
    "2a68ecae": [
      10,
      15
    ],
    "dc716006": [
      10,
      15
    ],
    "4e92f20f": [
      10,
      15
    ],
    "0f633246": [
      0,
      14
    ],
    "5969f3a9": [
      0,
      14
    ],
    "c23e02a4": [
      10,
      15
    ],
    "7a994bf5": [
      10,
      15
    ],
    "a26c0df2": [
      10,
      15
    ],
    "b5cbe028": [
      10,
      15
    ],
    "3ed31a22": [
      10,
      15
    ],
    "46da00b7": [
      10,
      15
    ],
    "21f37ffe": [
      10,
      15
    ],
    "7a11777f": [
      10,
      15
    ],
    "6ecfc6aa": [
      10,
      15
    ],
    "58bd1704": [
      10,
      15
    ],
    "44b86ca2": [
      0,
      14
    ],
    "7994197b": [
      0,
      14
    ],
    "087ce535": [
      0,
      14
    ],
    "19bb9a2e": [
      10,
      15
    ],
    "1ffb7f86": [
      10,
      15
    ],
    "10fe21ce": [
      7,
      12,
      1,
      9,
      2,
      3,
      4,
      5,
      6
    ],
    "4ea332cd": [
      8,
      13
    ],
    "2428f4d0": [
      7,
      12,
      1,
      9,
      2,
      3,
      4,
      5,
      6
    ],
    "5eebd346": [
      7,
      12,
      1,
      9,
      2,
      3,
      4,
      5,
      6
    ],
    "ad2afcde": [
      7,
      12,
      1,
      9,
      2,
      3,
      4,
      5,
      6
    ],
    "7882c19b": [
      7,
      12,
      1,
      9,
      2,
      3,
      4,
      5,
      6
    ],